Name,Surname,GivenName,SamAccountName,UserPrincipalName,City,Country,Pass
Natalia Forclaz,Forclaz,Natalia,Nforclaz,Nforclaz@globant.com,Berazategui,Argentina,V3n32u3l4*
Santiago Marrone,Marrone,Santiago,Smarrone,Smarrone@globant.com,City Bell,Argentina,V3n32u3l4*
Alejandro Lurbe,Lurbe,Alejandro,Alurbe,Alurbe@globant.com,Azul,Argentina,V3n32u3l4*
Samuel Vera,Vera,Samuel,Svera,Svera@globant.com,Caracas,Venezuela,V3n32u3l4*
Jonathan Yamauchi,Yamauchi,Jonathan,Jyamauchi,Jyamauchi@globant.com,Berisso,Argentina,V3n32u3l4*
Sophia Velmer,Velmer,Sophia,Svelmer,Svelmer@globant.com,Helsinki,Finlandia,V3n32u3l4*
Walter Samuel,Samuel,Walter,Wsamuel,Wsamuel@globant.com,Laborde,Argentina,V3n32u3l4*
Natasha Raimundi,Raimundi,Natasha,Nraimundi,Nraimundi@globant.com,La Plata,Argentina,V3n32u3l4*
Keisuke Honda,Honda,Keisuke,Khonda,Khonda@globant.com,Osaka,Japon,V3n32u3l4*
Steve Ramsey,Ramsey,Steve,Sramsey,Sramsey@globant.com,California,Estados Unidos,V3n32u3l4*
